{"bio01": 99, "bio02": 80, "bio03": 35, "bio04": 5010, "bio05": 223, "bio06": 0, "bio07": 223, "bio08": 70, "bio09": 62, "bio10": 164, "bio11": 36, "bio12": 673, "bio13": 66, "bio14": 41, "bio15": 13, "bio16": 196, "bio17": 144, "bio18": 156, "bio19": 169, "coords": [-0.446685, 51.252356], "name": "pecl176-6"}