{"bio01": 74, "bio02": 72, "bio03": 37, "bio04": 4387, "bio05": 181, "bio06": -10, "bio07": 191, "bio08": 29, "bio09": 90, "bio10": 131, "bio11": 20, "bio12": 830, "bio13": 83, "bio14": 57, "bio15": 13, "bio16": 239, "bio17": 176, "bio18": 203, "bio19": 214, "coords": [-1.80728, 54.759287], "name": "pecl176-7"}