{"bio01": 101, "bio02": 71, "bio03": 35, "bio04": 4789, "bio05": 212, "bio06": 11, "bio07": 201, "bio08": 76, "bio09": 118, "bio10": 163, "bio11": 42, "bio12": 685, "bio13": 77, "bio14": 45, "bio15": 19, "bio16": 219, "bio17": 140, "bio18": 146, "bio19": 182, "coords": [0.861309, 51.083771], "name": "pecl176-8"}