{"bio01": 101, "bio02": 61, "bio03": 31, "bio04": 4651, "bio05": 205, "bio06": 14, "bio07": 191, "bio08": 80, "bio09": 62, "bio10": 161, "bio11": 44, "bio12": 613, "bio13": 66, "bio14": 38, "bio15": 16, "bio16": 182, "bio17": 122, "bio18": 168, "bio19": 146, "coords": [1.693422, 52.724552], "name": "pecl176-5"}