{"bio01": 95, "bio02": 76, "bio03": 35, "bio04": 4838, "bio05": 214, "bio06": 0, "bio07": 214, "bio08": 43, "bio09": 144, "bio10": 158, "bio11": 35, "bio12": 879, "bio13": 99, "bio14": 53, "bio15": 21, "bio16": 288, "bio17": 170, "bio18": 174, "bio19": 258, "coords": [-0.98347, 50.952507], "name": "pecl176-9"}