{"bio01": 98, "bio02": 75, "bio03": 35, "bio04": 4725, "bio05": 213, "bio06": 4, "bio07": 209, "bio08": 73, "bio09": 61, "bio10": 159, "bio11": 38, "bio12": 629, "bio13": 61, "bio14": 37, "bio15": 13, "bio16": 177, "bio17": 129, "bio18": 159, "bio19": 154, "coords": [-1.109573, 51.798774], "name": "pecl176-0"}