{"bio01": 100, "bio02": 77, "bio03": 35, "bio04": 4996, "bio05": 221, "bio06": 2, "bio07": 219, "bio08": 72, "bio09": 63, "bio10": 165, "bio11": 37, "bio12": 599, "bio13": 57, "bio14": 36, "bio15": 11, "bio16": 166, "bio17": 128, "bio18": 151, "bio19": 145, "coords": [-0.334642, 51.970188], "name": "pecl176-3"}