{"bio01": 99, "bio02": 69, "bio03": 36, "bio04": 4534, "bio05": 203, "bio06": 13, "bio07": 190, "bio08": 74, "bio09": 63, "bio10": 159, "bio11": 43, "bio12": 885, "bio13": 89, "bio14": 54, "bio15": 17, "bio16": 264, "bio17": 168, "bio18": 229, "bio19": 222, "coords": [-2.39995, 53.392663], "name": "pecl176-1"}